{"cameraMode":{"drawMode":6,"name":"Overdraw","section":"Miscellaneous"},"sceneLighting":false,"audioPlay":false,"sceneViewState":{"showFog":false,"showMaterialUpdate":false,"showSkybox":false,"showFlares":false,"showImageEffects":false,"showParticleSystems":false},"in2DMode":false,"pivot":{"x":0.08021950721740723,"y":2.7777795791625978,"z":4.20802640914917},"rotation":{"x":0.048373181372880939,"y":0.5607054829597473,"z":-0.032838765531778339,"w":0.8259488344192505},"size":1.9999167919158936,"orthographic":false}