{"cameraMode":{"drawMode":0,"name":"Shaded","section":"Shading Mode"},"sceneLighting":true,"audioPlay":false,"sceneViewState":{"showFog":false,"showMaterialUpdate":false,"showSkybox":false,"showFlares":false,"showImageEffects":false,"showParticleSystems":false},"in2DMode":false,"pivot":{"x":6.959251403808594,"y":1.6360132694244385,"z":15.748434066772461},"rotation":{"x":0.0030602740589529278,"y":-0.7331129312515259,"z":0.003299023024737835,"w":0.6800931692123413},"size":5.995401382446289,"orthographic":true}