{"cameraMode":{"drawMode":0,"name":"Shaded","section":"Shading Mode"},"sceneLighting":true,"audioPlay":false,"sceneViewState":{"showFog":true,"showMaterialUpdate":false,"showSkybox":true,"showFlares":true,"showImageEffects":true,"showParticleSystems":true},"in2DMode":false,"pivot":{"x":1.1424641609191895,"y":4.6342597007751469,"z":71.70718383789063},"rotation":{"x":0.058279622346162799,"y":0.12958969175815583,"z":-0.007627966348081827,"w":0.989832878112793},"size":9.688615798950196,"orthographic":false}