{"cameraMode":{"drawMode":0,"name":"Shaded","section":"Shading Mode"},"sceneLighting":false,"audioPlay":false,"sceneViewState":{"showFog":true,"showMaterialUpdate":false,"showSkybox":false,"showFlares":true,"showImageEffects":true,"showParticleSystems":true},"in2DMode":false,"pivot":{"x":0.9661632776260376,"y":-0.7851364016532898,"z":0.1992073655128479},"rotation":{"x":0.08549042046070099,"y":0.7410319447517395,"z":-0.09612701833248139,"w":0.659034252166748},"size":2.9858264923095705,"orthographic":true}